Workbook

Sheet Step 1
B2: AI Diligence Artifact
B3: <Segment>, <Scope>
B5: Step 1: Labor % Estimate
B6: Entry # | C6: Source | D6: Estimate | E6: Comments
B7: 1 | C7: <Insert Source, Linked> | D7: 0 | E7: <Insert Commentary>
B8: 2 | C8: <Insert Source, Linked> | D8: 0 | E8: <Insert Commentary>
B9: 3 | C9: <Insert Source, Linked> | D9: 0 | E9: <Insert Commentary>
B10: 4 | C10: Triangulation | D10: =AVERAGE(D7:D9)

Sheet Step 2
B2: AI Diligence Artifact
B3: <Segment>, <Scope>
B5: Step 2: Task List Inventory
B6: Entry # | C6: Task | D6: Source | E6: Comments
B7: 1 | C7: 0 | D7: <Insert Source, Linked> | E7: <Insert Commentary>
B8: 2 | C8: 0 | D8: <Insert Source, Linked> | E8: <Insert Commentary>
B9: 3 | C9: 0 | D9: <Insert Source, Linked> | E9: <Insert Commentary>
B10: =B9+1 | C10: 0 | D10: <Insert Source, Linked> | E10: <Insert Commentary>
B11: =B10+1 | C11: 0 | D11: <Insert Source, Linked> | E11: <Insert Commentary>
B12: =B11+1 | C12: 0 | D12: <Insert Source, Linked> | E12: <Insert Commentary>
B13: =B12+1 | C13: 0 | D13: <Insert Source, Linked> | E13: <Insert Commentary>
B14: =B13+1 | C14: 0 | D14: <Insert Source, Linked> | E14: <Insert Commentary>
B15: =B14+1 | C15: 0 | D15: <Insert Source, Linked> | E15: <Insert Commentary>
B16: =B15+1 | C16: 0 | D16: <Insert Source, Linked> | E16: <Insert Commentary>
B17: =B16+1 | C17: 0 | D17: <Insert Source, Linked> | E17: <Insert Commentary>
B18: =B17+1 | C18: 0 | D18: <Insert Source, Linked> | E18: <Insert Commentary>

Sheet Step 3
B2: AI Diligence Artifact
B3: <Segment>, <Scope>
B5: Step 3: Atom Matrix Mapping | D5: Locating, accessing, and assembling relevant inputs from systems or repositories. Includes search/query formulation, permission-aware retrieval, source identification, and assembling clean candidate document or data set. Ends before transforming content into structured fields. | E5: Converting unstructured or semi-structured inputs into structured fields or code representation. Includes OCR, text extraction, parsing, entity and field extraction, classification, and form completion. Excludes cross-source harmonization and canonical write-back. | F5: Making structured data consistent across sources, systems, and time. Includes schema mapping, code and unit normalization, deduplication and entity resolution, reconciliation against constraints, and safe write-back to canonical store or workflow. | G5: Executing explicit rules or deterministic transformations that compute outputs or update systems. Includes calculations, script/analytics pipelines, policy-as-code, templated models, ETL, and CRUD-style transaction processing. | H5: Classifying, ranking, routing, or pre-adjudicating cases using explicit criteria, scorecards, or scoring models with bounded reasoning. Includes eligibility screening, risk scoring against known models, prioritization, and next-best-action recommendations under defined rules. | I5: Making one or more irreversible decisions where ambiguity, high-stakes contexts, or accountability materially matters and fully explicit rules or static heuristics are insufficient. Requires judgment, context-aware reasoning, and handling of edge cases. | J5: Producing shareable artifacts such as emails, memos, reports, presentations, specifications, and documentation. Includes summarization, narrative synthesis, citation support, formatting, and assembly into product output structures. | K5: Two-way communication with humans to gather information, align goals, teach, persuade, negotiate, de-escalate, or move work forward. Includes internal and external stakeholders; interaction and synchrony are modeled, not separate atoms. | L5: Coordinating multiple processes over time through routing, handoffs, scheduling, follow-ups, queue management, state tracking, escalation, and resolution of broken 'happy paths.' Excludes substantive validation or correctness. | M5: Work required to verify correctness, safety, policy adherence, governance, and evidentiary sufficiency. Includes testing and validation, monitoring, policy enforcement, checks, audit trails, documentation, and incident response loops. | N5: Hands-on real-world actions such as moving or manipulating objects, operating equipment, installation, inspections, bedside tasks, logistics, and site work. For estimation it must be bounded as structured/predictable or variable/unstructured. | O5: Hands-on real-world actions such as moving or manipulating objects, operating equipment, installation, inspections, bedside tasks, logistics, and site work. For estimation it must be bounded as structured/predictable or variable/unstructured.
B6: Entry # | C6: Task | D6: 1. Information discovery & retrieval | E6: 2. Extraction & structuring | F6: 3. Normalization, reconciliation & integration | G6: 4. Deterministic execution & transaction processing | H6: 5. Structured triage & decision support | I6: 6. Authority-bearing judgment & decisioning | J6: 7. Drafting, synthesis & artifact assembly | K6: 8. Stakeholder interaction & influence | L6: 9. Workflow orchestration & exception resolution | M6: 10. Assurance, compliance & traceability | N6: 11. Physical execution - Structured / Predictable | O6: 12. Physical execution - Variable/unstructured | P6: Check | Q6: Source | R6: Comments
B7: 1 | C7: ='Step 2'!C7 | D7: 0 | E7: 0 | F7: 0 | G7: 0 | H7: 0 | I7: 0 | J7: 0 | K7: 0 | L7: 0 | M7: 0 | N7: 0 | O7: 0 | P7: =IF(1-SUM(D7:O7)=0,"pass", "fail") | Q7: <Insert Source, Linked> | R7: <Insert Commentary>
B8: 2 | C8: ='Step 2'!C8 | D8: 0 | E8: 0 | F8: 0 | G8: 0 | H8: 0 | I8: 0 | J8: 0 | K8: 0 | L8: 0 | M8: 0 | N8: 0 | O8: 0 | P8: =IF(1-SUM(D8:O8)=0,"pass", "fail") | Q8: <Insert Source, Linked> | R8: <Insert Commentary>
B9: 3 | C9: ='Step 2'!C9 | D9: 0 | E9: 0 | F9: 0 | G9: 0 | H9: 0 | I9: 0 | J9: 0 | K9: 0 | L9: 0 | M9: 0 | N9: 0 | O9: 0 | P9: =IF(1-SUM(D9:O9)=0,"pass", "fail") | Q9: <Insert Source, Linked> | R9: <Insert Commentary>
B10: =B9+1 | C10: ='Step 2'!C10 | D10: 0 | E10: 0 | F10: 0 | G10: 0 | H10: 0 | I10: 0 | J10: 0 | K10: 0 | L10: 0 | M10: 0 | N10: 0 | O10: 0 | P10: =IF(1-SUM(D10:O10)=0,"pass", "fail") | Q10: <Insert Source, Linked> | R10: <Insert Commentary>
B11: =B10+1 | C11: ='Step 2'!C11 | D11: 0 | E11: 0 | F11: 0 | G11: 0 | H11: 0 | I11: 0 | J11: 0 | K11: 0 | L11: 0 | M11: 0 | N11: 0 | O11: 0 | P11: =IF(1-SUM(D11:O11)=0,"pass", "fail") | Q11: <Insert Source, Linked> | R11: <Insert Commentary>
B12: =B11+1 | C12: ='Step 2'!C12 | D12: 0 | E12: 0 | F12: 0 | G12: 0 | H12: 0 | I12: 0 | J12: 0 | K12: 0 | L12: 0 | M12: 0 | N12: 0 | O12: 0 | P12: =IF(1-SUM(D12:O12)=0,"pass", "fail") | Q12: <Insert Source, Linked> | R12: <Insert Commentary>
B13: =B12+1 | C13: ='Step 2'!C13 | D13: 0 | E13: 0 | F13: 0 | G13: 0 | H13: 0 | I13: 0 | J13: 0 | K13: 0 | L13: 0 | M13: 0 | N13: 0 | O13: 0 | P13: =IF(1-SUM(D13:O13)=0,"pass", "fail") | Q13: <Insert Source, Linked> | R13: <Insert Commentary>
B14: =B13+1 | C14: ='Step 2'!C14 | D14: 0 | E14: 0 | F14: 0 | G14: 0 | H14: 0 | I14: 0 | J14: 0 | K14: 0 | L14: 0 | M14: 0 | N14: 0 | O14: 0 | P14: =IF(1-SUM(D14:O14)=0,"pass", "fail") | Q14: <Insert Source, Linked> | R14: <Insert Commentary>
B15: =B14+1 | C15: ='Step 2'!C15 | D15: 0 | E15: 0 | F15: 0 | G15: 0 | H15: 0 | I15: 0 | J15: 0 | K15: 0 | L15: 0 | M15: 0 | N15: 0 | O15: 0 | P15: =IF(1-SUM(D15:O15)=0,"pass", "fail") | Q15: <Insert Source, Linked> | R15: <Insert Commentary>
B16: =B15+1 | C16: ='Step 2'!C16 | D16: 0 | E16: 0 | F16: 0 | G16: 0 | H16: 0 | I16: 0 | J16: 0 | K16: 0 | L16: 0 | M16: 0 | N16: 0 | O16: 0 | P16: =IF(1-SUM(D16:O16)=0,"pass", "fail") | Q16: <Insert Source, Linked> | R16: <Insert Commentary>
B17: 11 | C17: ='Step 2'!C17 | D17: 0 | E17: 0 | F17: 0 | G17: 0 | H17: 0 | I17: 0 | J17: 0 | K17: 0 | L17: 0 | M17: 0 | N17: 0 | O17: 0 | P17: =IF(1-SUM(D17:O17)=0,"pass", "fail") | Q17: <Insert Source, Linked> | R17: <Insert Commentary>
B18: 12 | C18: ='Step 2'!C18 | D18: 0 | E18: 0 | F18: 0 | G18: 0 | H18: 0 | I18: 0 | J18: 0 | K18: 0 | L18: 0 | M18: 0 | N18: 0 | O18: 0 | P18: =IF(1-SUM(D18:O18)=0,"pass", "fail") | Q18: <Insert Source, Linked> | R18: <Insert Commentary>

Sheet Appendix A
B2: AI Diligence Artifact
B3: <Segment>, <Scope>
B5: Appendix A: House View of Automation Estimates
B6: Estimate | C6: ='Step 3'!D6 | D6: ='Step 3'!E6 | E6: ='Step 3'!F6 | F6: ='Step 3'!G6 | G6: ='Step 3'!H6 | H6: ='Step 3'!I6 | I6: ='Step 3'!J6 | J6: ='Step 3'!K6 | ... N6: ='Step 3'!O6
B7: {=TRANSPOSE(Sheet5!B1:G1)} | C7: 0.5 | D7: 0.55 | E7: 0.25 | F7: 0.45 | G7: 0.5 | H7: 0.1 | I7: 0.5 | J7: 0.15 | K7: 0.15 | L7: 0.2 | M7: 0.08 | N7: 0.03
B8: Today High | C8: 0.75 | D8: 0.8 | E8: 0.55 | F8: 0.7 | G8: 0.75 | H8: 0.3 | I8: 0.75 | J8: 0.35 | K8: 0.4 | L8: 0.45 | M8: 0.2 | N8: 0.1
B9: 2–3y Low | C9: 0.65 | D9: 0.7 | E9: 0.45 | F9: 0.6 | G9: 0.65 | H9: 0.2 | I9: 0.65 | J9: 0.25 | K9: 0.3 | L9: 0.3 | M9: 0.12 | N9: 0.05
B10: 2–3y High | C10: 0.9 | D10: 0.92 | E10: 0.75 | F10: 0.88 | G10: 0.9 | H10: 0.45 | I10: 0.88 | J10: 0.5 | K10: 0.6 | L10: 0.6 | M10: 0.25 | N10: 0.13
B11: 5–10y Low | C11: 0.8 | D11: 0.85 | E11: 0.6 | F11: 0.75 | G11: 0.8 | H11: 0.3 | I11: 0.75 | J11: 0.35 | K11: 0.5 | L11: 0.45 | M11: 0.15 | N11: 0.07
B12: 5–10y High | C12: 0.95 | D12: 0.98 | E12: 0.9 | F12: 0.95 | G12: 0.95 | H12: 0.65 | I12: 0.95 | J12: 0.7 | K12: 0.85 | L12: 0.8 | M12: 0.3 | N12: 0.15

Sheet Step 4 Weighted Calc
B2: AI Diligence Artifact
B3: <Segment>, <Scope>
B5: Step 4: Task List Inventory | F5: Remaining Labor | H5: =1-_xlfn.XLOOKUP($C$21,'Appendix A'!$B:$B,'Appendix A'!C:C,"ERR",0) | I5: =1-_xlfn.XLOOKUP($C$21,'Appendix A'!$B:$B,'Appendix A'!D:D,"ERR",0) | J5: =1-_xlfn.XLOOKUP($C$21,'Appendix A'!$B:$B,'Appendix A'!E:E,"ERR",0) | K5: =1-_xlfn.XLOOKUP($C$21,'Appendix A'!$B:$B,'Appendix A'!F:F,"ERR",0) | L5: =1-_xlfn.XLOOKUP($C$21,'Appendix A'!$B:$B,'Appendix A'!G:G,"ERR",0) | M5: =1-_xlfn.XLOOKUP($C$21,'Appendix A'!$B:$B,'Appendix A'!H:H,"ERR",0) | N5: =1-_xlfn.XLOOKUP($C$21,'Appendix A'!$B:$B,'Appendix A'!I:I,"ERR",0) | O5: =1-_xlfn.XLOOKUP($C$21,'Appendix A'!$B:$B,'Appendix A'!J:J,"ERR",0) | P5: =1-_xlfn.XLOOKUP($C$21,'Appendix A'!$B:$B,'Appendix A'!K:K,"ERR",0) | Q5: =1-_xlfn.XLOOKUP($C$21,'Appendix A'!$B:$B,'Appendix A'!L:L,"ERR",0) | R5: =1-_xlfn.XLOOKUP($C$21,'Appendix A'!$B:$B,'Appendix A'!M:M,"ERR",0) | S5: =1-_xlfn.XLOOKUP($C$21,'Appendix A'!$B:$B,'Appendix A'!N:N,"ERR",0)
B6: Entry # | C6: Task | D6: Distribution / Weight | E6: Source | F6: Comments | H6: ='Appendix A'!C6 | I6: ='Appendix A'!D6 | J6: ='Appendix A'!E6 | K6: ='Appendix A'!F6 | L6: ='Appendix A'!G6 | M6: ='Appendix A'!H6 | N6: ='Appendix A'!I6 | O6: ='Appendix A'!J6 | ... S6: ='Appendix A'!N6
B7: 1 | C7: ='Step 3'!C7 | D7: 0 | E7: <Insert Source, Linked> | F7: <Insert Commentary> | H7: =H$5*'Step 3'!D7 | I7: =I$5*'Step 3'!E7 | J7: =J$5*'Step 3'!F7 | K7: =K$5*'Step 3'!G7 | L7: =L$5*'Step 3'!H7 | M7: =M$5*'Step 3'!I7 | N7: =N$5*'Step 3'!J7 | O7: =O$5*'Step 3'!K7 | ... S7: =S$5*'Step 3'!O7
B8: 2 | C8: ='Step 3'!C8 | D8: 0 | E8: <Insert Source, Linked> | F8: <Insert Commentary> | H8: =H$5*'Step 3'!D8 | I8: =I$5*'Step 3'!E8 | J8: =J$5*'Step 3'!F8 | K8: =K$5*'Step 3'!G8 | L8: =L$5*'Step 3'!H8 | M8: =M$5*'Step 3'!I8 | N8: =N$5*'Step 3'!J8 | O8: =O$5*'Step 3'!K8 | ... S8: =S$5*'Step 3'!O8
B9: 3 | C9: ='Step 3'!C9 | D9: 0 | E9: <Insert Source, Linked> | F9: <Insert Commentary> | H9: =H$5*'Step 3'!D9 | I9: =I$5*'Step 3'!E9 | J9: =J$5*'Step 3'!F9 | K9: =K$5*'Step 3'!G9 | L9: =L$5*'Step 3'!H9 | M9: =M$5*'Step 3'!I9 | N9: =N$5*'Step 3'!J9 | O9: =O$5*'Step 3'!K9 | ... S9: =S$5*'Step 3'!O9
B10: =B9+1 | C10: ='Step 3'!C10 | D10: 0 | E10: <Insert Source, Linked> | F10: <Insert Commentary> | H10: =H$5*'Step 3'!D10 | I10: =I$5*'Step 3'!E10 | J10: =J$5*'Step 3'!F10 | K10: =K$5*'Step 3'!G10 | L10: =L$5*'Step 3'!H10 | M10: =M$5*'Step 3'!I10 | N10: =N$5*'Step 3'!J10 | O10: =O$5*'Step 3'!K10 | ... S10: =S$5*'Step 3'!O10
B11: =B10+1 | C11: ='Step 3'!C11 | D11: 0 | E11: <Insert Source, Linked> | F11: <Insert Commentary> | H11: =H$5*'Step 3'!D11 | I11: =I$5*'Step 3'!E11 | J11: =J$5*'Step 3'!F11 | K11: =K$5*'Step 3'!G11 | L11: =L$5*'Step 3'!H11 | M11: =M$5*'Step 3'!I11 | N11: =N$5*'Step 3'!J11 | O11: =O$5*'Step 3'!K11 | ... S11: =S$5*'Step 3'!O11
B12: =B11+1 | C12: ='Step 3'!C12 | D12: 0 | E12: <Insert Source, Linked> | F12: <Insert Commentary> | H12: =H$5*'Step 3'!D12 | I12: =I$5*'Step 3'!E12 | J12: =J$5*'Step 3'!F12 | K12: =K$5*'Step 3'!G12 | L12: =L$5*'Step 3'!H12 | M12: =M$5*'Step 3'!I12 | N12: =N$5*'Step 3'!J12 | O12: =O$5*'Step 3'!K12 | ... S12: =S$5*'Step 3'!O12
B13: =B12+1 | C13: ='Step 3'!C13 | D13: 0 | E13: <Insert Source, Linked> | F13: <Insert Commentary> | H13: =H$5*'Step 3'!D13 | I13: =I$5*'Step 3'!E13 | J13: =J$5*'Step 3'!F13 | K13: =K$5*'Step 3'!G13 | L13: =L$5*'Step 3'!H13 | M13: =M$5*'Step 3'!I13 | N13: =N$5*'Step 3'!J13 | O13: =O$5*'Step 3'!K13 | ... S13: =S$5*'Step 3'!O13
B14: =B13+1 | C14: ='Step 3'!C14 | D14: 0 | E14: <Insert Source, Linked> | F14: <Insert Commentary> | H14: =H$5*'Step 3'!D14 | I14: =I$5*'Step 3'!E14 | J14: =J$5*'Step 3'!F14 | K14: =K$5*'Step 3'!G14 | L14: =L$5*'Step 3'!H14 | M14: =M$5*'Step 3'!I14 | N14: =N$5*'Step 3'!J14 | O14: =O$5*'Step 3'!K14 | ... S14: =S$5*'Step 3'!O14
B15: =B14+1 | C15: ='Step 3'!C15 | D15: 0 | E15: <Insert Source, Linked> | F15: <Insert Commentary> | H15: =H$5*'Step 3'!D15 | I15: =I$5*'Step 3'!E15 | J15: =J$5*'Step 3'!F15 | K15: =K$5*'Step 3'!G15 | L15: =L$5*'Step 3'!H15 | M15: =M$5*'Step 3'!I15 | N15: =N$5*'Step 3'!J15 | O15: =O$5*'Step 3'!K15 | ... S15: =S$5*'Step 3'!O15
B16: =B15+1 | C16: ='Step 3'!C16 | D16: 0 | E16: <Insert Source, Linked> | F16: <Insert Commentary> | H16: =H$5*'Step 3'!D16 | I16: =I$5*'Step 3'!E16 | J16: =J$5*'Step 3'!F16 | K16: =K$5*'Step 3'!G16 | L16: =L$5*'Step 3'!H16 | M16: =M$5*'Step 3'!I16 | N16: =N$5*'Step 3'!J16 | O16: =O$5*'Step 3'!K16 | ... S16: =S$5*'Step 3'!O16
B17: =B16+1 | C17: ='Step 3'!C17 | D17: 0 | E17: <Insert Source, Linked> | F17: <Insert Commentary> | H17: =H$5*'Step 3'!D17 | I17: =I$5*'Step 3'!E17 | J17: =J$5*'Step 3'!F17 | K17: =K$5*'Step 3'!G17 | L17: =L$5*'Step 3'!H17 | M17: =M$5*'Step 3'!I17 | N17: =N$5*'Step 3'!J17 | O17: =O$5*'Step 3'!K17 | ... S17: =S$5*'Step 3'!O17
B18: =B17+1 | C18: ='Step 3'!C18 | D18: 0 | E18: <Insert Source, Linked> | F18: <Insert Commentary> | H18: =H$5*'Step 3'!D18 | I18: =I$5*'Step 3'!E18 | J18: =J$5*'Step 3'!F18 | K18: =K$5*'Step 3'!G18 | L18: =L$5*'Step 3'!H18 | M18: =M$5*'Step 3'!I18 | N18: =N$5*'Step 3'!J18 | O18: =O$5*'Step 3'!K18 | ... S18: =S$5*'Step 3'!O18
B21: Case Toggle | C21: Today Low

Sheet Step 6 Regulatory
B2: Step 6 — Regulatory Conservatism Haircut
B3: <Segment>, <Scope>
B6: Entry # | C6: Task | D6: Regulatory Haircut % | E6: Regulation cited | F6: Specific impact on this task | G6: Source URL
B7: 1 | C7: ='Step 2'!C7 | D7: 0
B8: 2 | C8: ='Step 2'!C8 | D8: 0
B9: 3 | C9: ='Step 2'!C9 | D9: 0
B10: 4 | C10: ='Step 2'!C10 | D10: 0
B11: 5 | C11: ='Step 2'!C11 | D11: 0
B12: 6 | C12: ='Step 2'!C12 | D12: 0
B13: 7 | C13: ='Step 2'!C13 | D13: 0
B14: 8 | C14: ='Step 2'!C14 | D14: 0
B15: 9 | C15: ='Step 2'!C15 | D15: 0
B16: 10 | C16: ='Step 2'!C16 | D16: 0
B17: 11 | C17: ='Step 2'!C17 | D17: 0
B18: 12 | C18: ='Step 2'!C18 | D18: 0
B20: Haircut scale: 0.05–0.10 (attestation-only) | 0.10–0.20 (mandatory human review) | 0.20–0.30 (autonomous AI execution prohibited) | >0.30 (rare, requires explicit justification)

Sheet Final Output
B2: AI Diligence Artifact
B3: <Segment>, <Scope>
B6: Final Output | C6: Task | D6: % of Labor Today | E6: =_xlfn.CONCAT("% of Labor '",'Step 4 Weighted Calc'!C21, "' Case") | F6: =_xlfn.CONCAT("% of Labor '",'Step 4 Weighted Calc'!C21, "' Case + Reg") | H6: Synthesized Rationale | I6: Sources
B7: 1 | C7: ='Step 2'!C7 | D7: ='Step 4 Weighted Calc'!D7 | E7: ='Step 4 Weighted Calc'!D7*SUM('Step 4 Weighted Calc'!H7:S7) | F7: =((E7-D7)*(1-'Step 6 Regulatory'!D7))+'Final Output'!D7 | H7: <Insert Commentary> | I7: <Insert Source, Linked>
B8: 2 | C8: ='Step 2'!C8 | D8: ='Step 4 Weighted Calc'!D8 | E8: ='Step 4 Weighted Calc'!D8*SUM('Step 4 Weighted Calc'!H8:S8) | F8: =((E8-D8)*(1-'Step 6 Regulatory'!D8))+'Final Output'!D8 | H8: <Insert Commentary> | I8: <Insert Source, Linked>
B9: 3 | C9: ='Step 2'!C9 | D9: ='Step 4 Weighted Calc'!D9 | E9: ='Step 4 Weighted Calc'!D9*SUM('Step 4 Weighted Calc'!H9:S9) | F9: =((E9-D9)*(1-'Step 6 Regulatory'!D9))+'Final Output'!D9 | H9: <Insert Commentary> | I9: <Insert Source, Linked>
B10: =B9+1 | C10: ='Step 2'!C10 | D10: ='Step 4 Weighted Calc'!D10 | E10: ='Step 4 Weighted Calc'!D10*SUM('Step 4 Weighted Calc'!H10:S10) | F10: =((E10-D10)*(1-'Step 6 Regulatory'!D10))+'Final Output'!D10 | H10: <Insert Commentary> | I10: <Insert Source, Linked>
B11: =B10+1 | C11: ='Step 2'!C11 | D11: ='Step 4 Weighted Calc'!D11 | E11: ='Step 4 Weighted Calc'!D11*SUM('Step 4 Weighted Calc'!H11:S11) | F11: =((E11-D11)*(1-'Step 6 Regulatory'!D11))+'Final Output'!D11 | H11: <Insert Commentary> | I11: <Insert Source, Linked>
B12: =B11+1 | C12: ='Step 2'!C12 | D12: ='Step 4 Weighted Calc'!D12 | E12: ='Step 4 Weighted Calc'!D12*SUM('Step 4 Weighted Calc'!H12:S12) | F12: =((E12-D12)*(1-'Step 6 Regulatory'!D12))+'Final Output'!D12 | H12: <Insert Commentary> | I12: <Insert Source, Linked>
B13: =B12+1 | C13: ='Step 2'!C13 | D13: ='Step 4 Weighted Calc'!D13 | E13: ='Step 4 Weighted Calc'!D13*SUM('Step 4 Weighted Calc'!H13:S13) | F13: =((E13-D13)*(1-'Step 6 Regulatory'!D13))+'Final Output'!D13 | H13: <Insert Commentary> | I13: <Insert Source, Linked>
B14: =B13+1 | C14: ='Step 2'!C14 | D14: ='Step 4 Weighted Calc'!D14 | E14: ='Step 4 Weighted Calc'!D14*SUM('Step 4 Weighted Calc'!H14:S14) | F14: =((E14-D14)*(1-'Step 6 Regulatory'!D14))+'Final Output'!D14 | H14: <Insert Commentary> | I14: <Insert Source, Linked>
B15: =B14+1 | C15: ='Step 2'!C15 | D15: ='Step 4 Weighted Calc'!D15 | E15: ='Step 4 Weighted Calc'!D15*SUM('Step 4 Weighted Calc'!H15:S15) | F15: =((E15-D15)*(1-'Step 6 Regulatory'!D15))+'Final Output'!D15 | H15: <Insert Commentary> | I15: <Insert Source, Linked>
B16: =B15+1 | C16: ='Step 2'!C16 | D16: ='Step 4 Weighted Calc'!D16 | E16: ='Step 4 Weighted Calc'!D16*SUM('Step 4 Weighted Calc'!H16:S16) | F16: =((E16-D16)*(1-'Step 6 Regulatory'!D16))+'Final Output'!D16 | H16: <Insert Commentary> | I16: <Insert Source, Linked>
B17: =B16+1 | C17: ='Step 2'!C17 | D17: ='Step 4 Weighted Calc'!D17 | E17: ='Step 4 Weighted Calc'!D17*SUM('Step 4 Weighted Calc'!H17:S17) | F17: =((E17-D17)*(1-'Step 6 Regulatory'!D17))+'Final Output'!D17 | H17: <Insert Commentary> | I17: <Insert Source, Linked>
B18: =B17+1 | C18: ='Step 2'!C18 | D18: ='Step 4 Weighted Calc'!D18 | E18: ='Step 4 Weighted Calc'!D18*SUM('Step 4 Weighted Calc'!H18:S18) | F18: =((E18-D18)*(1-'Step 6 Regulatory'!D18))+'Final Output'!D18 | H18: <Insert Commentary> | I18: <Insert Source, Linked>
B24: FTE Hours | C24: Case | D24: Hours
C25: Today | D25: 100
C26: ='Step 4 Weighted Calc'!$C$21 | D26: =SUM(E7:E21)*D25
C27: Hours Automated Away | D27: =D25-D26
B29: FTE Hours | C29: Case | D29: Hours
C30: Today | D30: 100
C31: ='Step 4 Weighted Calc'!$C$21 | D31: =SUM(F7:F21)*D30
C32: Hours Automated Away (Reg-Adjusted) | D32: =D30-D31
C33: Avg Haircut Applied | D33: =IFERROR((D27-D32)/D27, 0)

Sheet System Supports Don't Touch >

Sheet Sheet5
A1: Atom | B1: Today Low | C1: Today High | D1: 2–3y Low | E1: 2–3y High | F1: 5–10y Low | G1: 5–10y High | H1: Confidence | I1: Key technical dependencies | J1: Primary evidence anchors | K1: Material modifiers
A2: Information discovery & retrieval | B2: 0.4 | C2: 0.65 | D2: 0.6 | E2: 0.85 | F2: 0.75 | G2: 0.95 | H2: High — stable boundary and multiple structural anchors. | I2: Permissions-aware retrieval; search quality; tool calling; context-window and retrieval fidelity. | J2: O*NET 30.2; GPTs are GPTs; Tomlinson et al.; Anthropic EI. | K2: Indexed digital knowledge stores and API-rich environments push up (+5 to +15pp); siloed or offline information estates push down (−10 to −20pp).
A3: Extraction & structuring | B3: 0.45 | C3: 0.75 | D3: 0.65 | E3: 0.9 | F3: 0.8 | G3: 0.97 | H3: High — atom is clean and multimodal capability is advancing quickly. | I3: Multimodal parsing robustness; schema stability; automated validation checks. | J3: O*NET 30.2; MGI 2017; Anthropic EI; Noy & Zhang. | K3: Standardized, high-volume forms push up (+10 to +20pp); messy visuals push down (−10 to −15pp).
A4: Normalization, reconciliation & integration | B4: 0.25 | C4: 0.55 | D4: 0.45 | E4: 0.75 | F4: 0.6 | G4: 0.9 | H4: Medium — strong structural logic, but integration heterogeneity remains large. | I4: Entity resolution; safe write-back; API surface; deterministic checks. | J4: GPTs are GPTs; O*NET 30.2; MGI 2017. | K4: Modern API-first systems push up (+10 to +15pp); fragmented legacy cores push down (−15 to −25pp).
A5: Deterministic execution & transaction processing | B5: 0.4 | C5: 0.7 | D5: 0.55 | E5: 0.85 | F5: 0.75 | G5: 0.95 | H5: High — direct productivity evidence plus strong structural logic. | I5: Test harnesses; policy-as-code; secure execution; rollback. | J5: Peng et al.; SWE-bench; METR RCT. | K5: Highly testable workflows push up (+10 to +15pp); safety-critical pushes down (−10 to −20pp).
A6: Structured triage & decision support | B6: 0.4 | C6: 0.7 | D6: 0.55 | E6: 0.85 | F6: 0.7 | G6: 0.95 | H6: Medium — split is conceptually strong but varies by domain. | I6: Explicit criteria; bounded exception space; routing. | J6: Dell’Acqua et al.; MGI 2017. | K6: Formal protocols push up (+10 to +15pp); wide exceptions push down (−10 to −20pp).
A7: Authority-bearing judgment & decisioning | B7: 0.1 | C7: 0.25 | D7: 0.2 | E7: 0.45 | F7: 0.35 | G7: 0.65 | H7: Low — few direct anchors and wide uncertainty. | I7: Reasoning under ambiguity; calibrated confidence. | J7: NIST AI RMF; WEF. | K7: Data-rich domains move up (+5 to +15pp); clinical/legal push down (−10 to −20pp).
A8: Drafting, synthesis & artifact assembly | B8: 0.4 | C8: 0.7 | D8: 0.6 | E8: 0.85 | F8: 0.75 | G8: 0.95 | H8: High — strongest direct empirical evidence base among knowledge-work atoms. | I8: Grounded generation; source retrieval; citation support; formatting and publishing automation. | J8: Noy & Zhang; Dell’Acqua et al.; GPTs are GPTs; Tomlinson et al.; Anthropic EI. | K8: Templated outputs push up (+10 to +15pp); originality-heavy work pushes down (−10 to −15pp).
A9: Stakeholder interaction & influence | B9: 0.1 | C9: 0.45 | D9: 0.2 | E9: 0.6 | F9: 0.35 | G9: 0.8 | H9: Low-medium — live human variability remains hard to model. | I9: Dialogue robustness; speech and multimodal grounding; real-time tool access. | J9: Brynjolfsson et al.; MGI 2017; Tomlinson et al.; Anthropic EI. | K9: Internal async scripted interaction pushes up (+10 to +20pp); negotiation-heavy pushes down (−10 to −25pp).
A10: Workflow orchestration & exception resolution | B10: 0.15 | C10: 0.4 | D10: 0.35 | E10: 0.65 | F10: 0.55 | G10: 0.85 | H10: Low — most dependent on benchmark-to-workflow transfer. | I10: Long-horizon autonomy; state tracking; recovery; safe handoffs. | J10: METR; OSWorld/WebArena/SWE-bench; GPTs are GPTs. | K10: Closed environments push up (+10 to +15pp); offline steps push down (−10 to −20pp).
A11: Assurance, compliance & traceability | B11: 0.2 | C11: 0.45 | D11: 0.3 | E11: 0.6 | F11: 0.45 | G11: 0.75 | H11: Low-medium — assurance residue is real and heterogeneous. | I11: Evaluation coverage; monitoring; provenance; audit logging. | J11: NIST AI RMF; GPTs are GPTs; Anthropic EI. | K11: Codified controls push up (+10 to +15pp); ambiguous standards push down (−10 to −20pp).
A12: Physical execution — structured/predictable | B12: 0.45 | C12: 0.75 | D12: 0.6 | E12: 0.85 | F12: 0.75 | G12: 0.95 | H12: Medium — strong historical anchor but uneven embodiment. | I12: Perception in controlled settings; motion planning; safety engineering. | J12: MGI 2017; IFR; ORS. | K12: Factories push up (+10 to +15pp); irregular tasks push down (−10 to −15pp).
A13: Physical execution — variable/unstructured | B13: 0.05 | C13: 0.15 | D13: 0.1 | E13: 0.25 | F13: 0.2 | G13: 0.45 | H13: Low — weakest evidence and hardest frontier. | I13: Dexterity; perception under novelty; navigation; safe human interaction. | J13: MGI 2017; ORS; robotics benchmarks. | K13: Semi-structured environments move up (+5 to +10pp); variability pushes down (−10 to −15pp).
B15: 100
